DisplayName,FirstName,Surname
Adele Vance,Adele,Vance
Alex Wilber,Alex,Wilber
Allan Deyoung,Allan,Deyoung
Christie Cline,Christie,Cline
Debra Berger,Debra,Berger
Diego Siciliani,Diego,Siciliani
Grady Archie,Grady,Archie
Irvin Sayers,Irvin,Sayers
Isaiah Langer,Isaiah,Langer
Johanna Lorenz,Johanna,Lorenz
Joni Sherman,Joni,Sherman
Lee Gu,Lee,Gu
Lidia Holloway,Lidia,Holloway
Lynne Robbins,Lynne,Robbins
Megan Bowen,Megan,Bowen
Miriam Graham,Miriam,Graham
MOD Administrator,MOD,Administrator
Nestor Wilke,Nestor,Wilke
Patti Fernandez,Patti,Fernandez
Pradeep Gupta,Pradeep,Gupta
